Player,Tm,Pos,Salary,WS_actual,VORP,PER,BPM,ValueIndex,$/WS_calc,PPG,RPG,APG,DWS,DBPM
devin kavanagh,Renegades,PG,3700000,8.5,2.6,15.9,1.8,2.9999999999999996,435294.1176470588,14.7,2.7,5.5,3.0,-1.2
damon lawson,Barons,SF/SG,1750000,3.6,1.2,16.8,1.4,2.742857142857143,486111.1111111111,13.4,3.4,2.7,2.1,2.1
leandro santoro,Drones,PF/C,1750000,3.4,0.9,13.4,-0.1,2.457142857142857,514705.8823529412,9.3,9.1,2.8,1.8,2.2
ruben smith,Dragons,PF,2450000,4.0,1.9,16.7,0.9,2.4081632653061225,612500.0,16.7,5.7,1.9,1.2,2.0
tanner mitchell,Jailbirds,PF,2250000,4.6,0.6,15.4,-0.8,2.311111111111111,489130.43478260876,12.1,8.3,2.3,2.5,1.9
umberto gigli,Predators,C,1950000,4.0,0.4,15.2,-0.9,2.256410256410257,487500.0,8.4,6.8,0.4,3.0,0.7
hiroaki kawase,Hurricanes,SG,1750000,2.8,1.0,11.3,1.1,2.1714285714285713,625000.0,4.0,1.1,1.9,1.5,-1.0
gordo dubar,Dragons,C,3250000,5.5,1.4,14.9,0.3,2.123076923076923,590909.0909090909,10.6,9.5,1.6,1.8,2.1
caleb donovan,Thunder,C/PF,5050000,7.0,3.7,16.3,3.9,2.118811881188119,721428.5714285715,12.9,9.0,3.0,3.0,2.4
xavier yates,Lumberjacks,SG,2650000,3.5,1.9,16.5,1.7,2.0377358490566038,757142.8571428572,14.3,4.1,3.5,2.7,1.4
zeng zhipeng,Knights,C,3050000,4.5,1.6,13.5,1.1,2.0,677777.7777777778,8.4,7.6,1.5,2.4,1.8
basil sanchious,Drones,PG,2750000,5.6,-0.2,15.7,-2.3,1.9636363636363634,491071.4285714286,9.4,2.3,8.5,1.0,-3.2
evan mcgowan,Renegades,C/PF,4900000,6.7,2.9,13.2,2.9,1.9591836734693875,731343.2835820896,7.7,8.5,2.8,3.6,1.4
petar jovanovic,Stonecutters,C,3050000,4.6,1.0,18.2,-0.4,1.8360655737704918,663043.4782608696,19.5,10.9,2.3,2.8,1.9
tymon culver,Skyhawks,PG,3150000,5.6,0.1,15.0,-1.8,1.8095238095238093,562500.0,8.4,2.1,7.8,1.7,-3.1
jade ahelegbe,Lightning,PG,4400000,6.5,1.3,17.3,0.1,1.7727272727272725,676923.0769230769,15.4,1.5,7.5,1.5,-2.6
devin emery,Pilots,PG/SG,5000000,6.7,2.1,17.6,1.8,1.7600000000000002,746268.6567164179,12.9,2.2,6.7,1.9,-1.9
winslo barry,Mustangs,PF,6000000,6.5,3.9,16.7,3.9,1.7333333333333334,923076.9230769231,16.4,7.2,1.5,3.2,1.5
vasja delimont,Calaveras,SF,2550000,3.1,1.3,12.7,0.5,1.7254901960784317,822580.6451612903,7.3,4.2,3.1,0.2,0.4
lyles heimuli,Predators,SG,3250000,3.9,1.7,11.6,1.6,1.723076923076923,833333.3333333334,8.3,2.0,2.7,2.5,-1.1
semisi rautins,Thunder,PF,5350000,5.9,3.3,14.8,2.7,1.719626168224299,906779.6610169491,13.1,8.2,4.0,3.3,2.9
waylan loftin,Crusaders,C,4450000,6.2,1.4,14.2,0.1,1.7078651685393258,717741.9354838709,11.9,11.8,1.5,3.6,1.0
malik jefferson,Huskies,SF/SG,4000000,4.6,2.2,14.3,2.6,1.7,869565.2173913044,9.4,2.8,3.2,1.9,-0.7
jordan kolaxis,Tritons,SF/PF,6000000,6.6,3.4,16.9,3.1,1.6666666666666667,909090.9090909092,15.8,8.0,3.0,3.9,2.8
mustafaa pearl,Kings,SG,1750000,1.8,1.0,15.1,3.2,1.5999999999999999,972222.2222222222,7.3,3.2,2.5,1.2,-0.4
dominic aldridge,Stonecutters,PG,1950000,2.5,0.6,14.9,0.4,1.5897435897435899,780000.0,6.3,2.9,3.7,0.8,-0.9
aaron epps,Mustangs,PG,4250000,5.4,1.3,20.2,1.7,1.576470588235294,787037.037037037,8.7,1.4,5.6,1.3,-2.4
sepp aldag,Stonecutters,PG,5050000,6.5,1.3,13.9,0.2,1.5445544554455446,776923.0769230769,11.8,2.7,7.6,3.1,-2.7
amorrow puryear,Stonecutters,C,2450000,3.0,0.6,11.0,-0.3,1.4693877551020407,816666.6666666666,2.8,5.2,0.5,1.7,0.5
brandon leslie,Warriors,C,6000000,7.0,1.8,14.3,0.9,1.4666666666666668,857142.8571428572,8.6,10.5,1.1,3.3,1.8
trey stephens,Kings,PG,4000000,5.0,0.8,15.9,0.2,1.45,800000.0,8.5,1.1,4.8,2.1,-3.5
anvar makiev,Calaveras,SG,4150000,4.0,2.0,17.7,1.1,1.4457831325301203,1037500.0,16.5,5.5,3.7,0.6,1.5
juan bazán,Kings,SF,1750000,1.6,0.9,12.5,0.4,1.4285714285714286,1093750.0,9.7,2.0,3.1,1.1,0.3
emanuel autry,Kings,PG/SG,7000000,6.9,3.1,19.4,3.2,1.4285714285714286,1014492.7536231884,16.2,5.0,6.9,2.0,0.7
talis kalemba,Vultures,C,4600000,6.0,0.3,19.0,-1.5,1.3695652173913044,766666.6666666666,16.6,10.5,1.0,2.8,1.4
khadeem wills,Knights,C/PF,4450000,5.9,0.1,17.6,-1.8,1.348314606741573,754237.2881355932,17.5,8.6,1.7,2.6,2.4
keshaun freeman,Kings,C,5800000,6.7,1.1,13.6,-0.2,1.3448275862068968,865671.6417910447,10.8,11.4,0.9,4.8,0.0
chase camby,Tritons,C/PF,2850000,3.3,0.5,11.0,-1.0,1.3333333333333333,863636.3636363636,6.6,7.7,0.9,2.7,0.7
rené köpke,Huskies,SF,4000000,3.8,1.3,13.3,1.4,1.275,1052631.5789473685,6.0,2.7,2.8,1.5,-0.7
brandon ayton,Lightning,PF,6000000,5.8,1.8,17.5,1.4,1.2666666666666666,1034482.7586206897,12.4,7.5,1.9,2.7,2.7
emmanuel blevins,Thunder,C,10000000,8.9,3.5,17.2,3.9,1.24,1123595.5056179776,11.0,10.7,2.4,3.2,2.6
deng coutts,Pilots,SF,3150000,2.3,1.6,12.0,1.4,1.2380952380952381,1369565.2173913044,9.1,3.0,2.0,2.2,0.7
ulysses fairmont,Calaveras,C/PF,4150000,3.1,2.0,17.1,2.1,1.2289156626506021,1338709.677419355,12.7,8.5,2.8,0.9,2.8
dujuan pappas,Barons,C,4600000,4.4,1.2,13.1,0.5,1.2173913043478264,1045454.5454545454,6.7,7.7,3.1,2.6,1.5
elijah worthing,Rockets,PF,4300000,3.5,1.7,15.8,2.0,1.2093023255813955,1228571.4285714286,9.0,5.3,1.9,2.8,3.3
xavian millinghaus,Giants,C,1750000,1.9,0.2,13.6,-1.0,1.2,921052.6315789474,4.4,3.9,0.7,1.6,1.0
daniel cazorla,Lightning,PG,1750000,1.8,0.3,14.1,-0.9,1.2,972222.2222222222,6.2,1.4,3.7,0.8,-2.1
markelle clarke,Saints,PF,2350000,3.3,-0.5,12.6,-2.8,1.1914893617021276,712121.2121212122,9.7,5.3,1.3,0.4,0.6
jamaria flagg,Stars,PG,6000000,5.3,1.8,18.2,1.2,1.1833333333333333,1132075.4716981133,13.7,3.2,7.8,1.1,-0.8
trip kreisberg,Calaveras,PG,2650000,2.8,0.3,18.1,-1.6,1.169811320754717,946428.5714285715,19.1,2.0,7.0,-0.6,-1.4
aj vandervieren,Wolves,SF/PF,2150000,1.6,0.9,11.6,1.7,1.1627906976744187,1343750.0,4.8,1.7,1.4,1.2,-0.8
robbie warrington,Drones,C/PF,2450000,3.1,-0.3,13.8,-2.6,1.1428571428571428,790322.5806451612,10.6,6.3,1.5,1.4,1.0
jack meyer,Rockets,C/PF,4500000,4.0,1.1,17.3,0.9,1.1333333333333333,1125000.0,8.7,6.0,1.4,2.6,2.8
jarion swerlein,Huskies,PF,12000000,8.6,4.5,15.5,4.7,1.0916666666666666,1395348.8372093025,11.7,9.2,4.9,3.4,1.7
colin yelder,Vipers,SF,1750000,1.4,0.5,15.8,1.9,1.0857142857142856,1250000.0,4.3,1.2,1.1,0.5,-1.3
choul lynch-daniels,Jaguars,PF,1750000,1.3,0.5,10.1,-0.6,1.0285714285714287,1346153.846153846,5.3,3.0,1.3,1.1,0.0
keon wallace,Dragons,PG,1750000,2.8,-1.0,13.5,-4.5,1.0285714285714285,625000.0,8.0,2.0,8.1,0.1,-3.9
evan lucarotti,Skyhawks,PF,5650000,4.7,1.0,12.6,0.1,1.008849557522124,1202127.6595744682,6.4,6.2,1.4,1.8,0.2
jamaine curry jr,Scorpions,SG,9000000,6.0,3.0,17.7,3.8,1.0,1500000.0,11.0,3.6,4.9,2.3,0.0
houston chong-qui,Kings,C,10000000,6.6,3.0,15.1,3.1,0.96,1515151.5151515151,13.6,7.5,1.3,4.1,0.6
toso benhayoune,Dragons,PG,6500000,4.7,1.5,18.6,2.2,0.9538461538461539,1382978.7234042552,7.1,2.8,5.8,0.9,-0.8
hakeem martin,Scorpions,C,5350000,4.3,0.8,13.8,-0.2,0.9532710280373832,1244186.046511628,9.9,8.1,1.5,2.6,0.7
jaron cavalaris,Jaguars,PG,4000000,4.1,-0.3,15.0,-2.6,0.95,975609.7560975611,12.3,4.3,6.5,2.0,-0.2
nate keating,Knights,PF,5500000,4.3,0.9,14.5,0.4,0.9454545454545454,1279069.7674418606,6.9,4.5,1.6,1.4,1.0
darius blackwell,Rockets,PG,5800000,4.8,0.6,13.6,-0.9,0.9310344827586207,1208333.3333333335,8.4,2.1,6.8,1.9,-2.8
roberto bezzi,Giants,SG,4000000,2.9,0.8,18.3,0.4,0.925,1379310.3448275863,11.5,2.1,1.7,1.7,0.1
tanner darling,Warriors,PF,13500000,8.7,3.7,21.3,3.8,0.9185185185185184,1551724.1379310347,19.3,7.5,4.0,2.8,4.0
marqueze jackson,Huskies,SF,10500000,5.4,4.0,12.3,4.3,0.8952380952380953,1944444.4444444443,11.0,4.9,2.0,3.2,1.6
dutch ruise jr,Huskies,C,5000000,2.9,1.5,16.0,3.1,0.8800000000000001,1724137.9310344828,6.4,4.5,1.2,1.6,1.7
lamarcus quinn,Jailbirds,PG,4150000,2.9,0.5,12.6,-0.7,0.8192771084337348,1431034.4827586208,5.2,1.7,3.6,1.2,-2.3
rayvon nassar,Pilots,PF,1750000,1.2,0.2,10.9,-0.7,0.7999999999999999,1458333.3333333335,2.7,2.4,0.5,0.7,-0.6
dante webber,Stars,PF,4750000,3.5,0.2,12.1,-1.6,0.7789473684210527,1357142.857142857,7.9,5.0,1.0,1.3,0.2
óscar salvatierra,Colonels,PG,5950000,4.5,0.1,15.7,-1.8,0.7731092436974789,1322222.2222222222,13.1,3.4,7.2,1.5,-0.3
adam kwiatkowski,Blizzards,C,3250000,2.3,0.2,13.9,-1.4,0.7692307692307693,1413043.4782608696,5.1,5.2,0.7,0.8,0.9
deandre patterson,Mustangs,SG,3400000,1.7,0.9,12.5,0.7,0.7647058823529412,2000000.0,6.8,1.4,1.5,1.2,-1.6
chauncey bohm,Cyclones,PG,1750000,1.0,0.3,14.0,0.3,0.7428571428571429,1750000.0,7.0,1.5,3.8,0.5,-2.4
jahda carlisle,Cyclones,SG,6250000,3.5,1.1,15.6,-0.2,0.736,1785714.2857142857,17.9,4.5,2.9,2.1,0.3
denis molodtsov,Cyclones,PF,5200000,3.7,0.1,17.8,-1.5,0.7307692307692308,1405405.4054054054,7.9,4.1,0.6,1.3,0.2
john jones,Scorpions,PF,10000000,5.1,2.1,15.7,1.8,0.72,1960784.3137254904,12.3,5.9,1.0,3.9,2.2
kylian fontaine,Devils,SF,5050000,3.1,0.5,11.6,-1.2,0.712871287128713,1629032.2580645161,9.1,4.5,2.7,1.7,1.5
kade underwood,Colonels,SF,5650000,3.0,1.0,15.1,-0.5,0.7079646017699115,1883333.3333333333,15.9,4.2,3.7,2.1,2.2
kenney holba,Predators,PF/C,20000000,9.9,4.1,23.5,4.8,0.7,2020202.0202020202,21.3,9.3,2.9,4.4,4.0
aidan clark,Jailbirds,SG/SF,8000000,4.0,1.6,14.2,0.8,0.7,2000000.0,13.1,2.3,2.2,1.9,-0.6
johannes slamar,Lumberjacks,C,4300000,2.0,1.0,9.7,2.5,0.6976744186046512,2150000.0,1.7,3.5,1.1,1.2,0.9
sebastian hazle,Giants,SF,4750000,2.8,0.5,13.7,-0.7,0.6947368421052631,1696428.5714285716,9.0,1.7,2.5,1.9,-1.0
demitrius burns,Mustangs,C,17000000,8.3,3.4,18.2,3.4,0.6882352941176472,2048192.7710843373,15.2,9.9,1.4,3.8,2.0
garvin crouch,Cyclones,SG/SF,1750000,1.0,0.2,12.1,-1.4,0.6857142857142857,1750000.0,6.9,2.0,1.9,0.8,-0.9
kibret diew,Jailbirds,SF/PF,1750000,0.9,0.3,13.7,1.2,0.6857142857142857,1944444.4444444445,6.5,2.0,1.6,0.3,0.2
jontavious brogna,Lumberjacks,SF,17500000,7.5,4.2,14.3,4.4,0.6685714285714285,2333333.3333333335,10.4,4.2,5.5,3.8,1.6
ben haygood,Predators,C,12150000,6.1,1.8,14.3,1.8,0.6502057613168724,1991803.2786885246,8.6,9.6,0.7,3.5,0.4
naasir pringle,Crusaders,C,6500000,3.5,0.6,16.7,0.3,0.6307692307692307,1857142.857142857,5.9,5.5,0.8,1.6,0.6
bryce ham,Calaveras,PF,4900000,2.5,0.5,14.5,-1.1,0.6122448979591836,1960000.0,13.1,6.6,2.4,0.1,0.9
ahsante clinkscales,Pilots,PG,2950000,1.7,0.1,12.3,-1.8,0.6101694915254237,1735294.1176470588,4.7,1.5,3.2,0.8,-2.6
lucas lennox,Vipers,C/PF,13000000,6.1,1.8,17.6,1.3,0.6076923076923076,2131147.5409836066,11.3,8.4,1.6,2.2,1.5
lev semchenko,Vipers,PG/SG,2975000,1.7,0.1,13.5,-1.7,0.6050420168067226,1750000.0,4.3,0.9,2.8,0.6,-3.9
mckinley power,Bullets,SF,4300000,2.4,0.2,14.0,-1.5,0.6046511627906977,1791666.6666666667,9.6,2.5,4.0,1.3,-1.3
jamar cosey,Knights,PF,11000000,3.9,2.7,18.9,3.2,0.6,2820512.8205128205,17.0,6.8,2.7,2.2,2.2
brodrick white,Calaveras,SF/PF,5000000,2.1,0.9,13.0,0.5,0.6,2380952.380952381,5.5,2.6,1.6,0.3,1.1
nazir link,Lumberjacks,PF,4750000,1.8,1.0,10.4,1.4,0.5894736842105263,2638888.888888889,5.4,4.5,1.5,1.7,0.4
xavi rivilla,Renegades,PF,25000000,10.0,4.5,19.0,4.8,0.58,2500000.0,15.7,8.6,4.3,3.9,2.2
lincoln rutherford,Rockets,PG,8000000,4.4,0.2,13.6,-1.6,0.5750000000000001,1818181.8181818181,7.2,1.3,5.3,1.6,-3.4
b.j. scocca,Colonels,C,8000000,3.8,0.8,14.5,-0.3,0.575,2105263.157894737,7.8,6.4,1.6,1.4,0.8
josh clayton,Wolves,PG,5050000,4.1,-1.2,14.5,-3.7,0.5742574257425742,1231707.3170731708,12.0,1.9,8.5,0.3,-2.7
gerrit torbert,Giants,PG,1750000,0.8,0.2,11.5,0.1,0.5714285714285714,2187500.0,2.8,1.3,3.2,0.4,-3.5
kepa lagares,Bullets,C,2850000,2.1,-0.5,12.6,-3.6,0.5614035087719298,1357142.857142857,5.5,5.5,0.5,1.5,-0.5
jacob fulwood,Kings,SF,25000000,9.1,4.9,17.2,5.6,0.56,2747252.7472527474,15.0,6.8,5.6,4.8,2.1
cameron hughes,Hurricanes,SF,7000000,2.5,1.4,13.4,1.6,0.5571428571428572,2800000.0,8.6,3.5,1.2,2.3,0.5
roberto vega,Tritons,PF,22000000,7.6,4.3,13.0,4.8,0.5409090909090909,2894736.8421052634,7.3,7.4,3.7,3.2,2.2
terrance brown,Blizzards,SG/PG,13000000,4.9,2.1,21.6,1.3,0.5384615384615384,2653061.2244897955,24.0,4.0,5.1,0.6,2.1
stanley ogide,Hurricanes,SG,30000000,9.5,6.3,20.8,7.2,0.5266666666666667,3157894.736842105,20.2,6.1,6.0,4.2,3.5
omari swift,Bullets,PG,5350000,2.9,-0.1,16.9,-2.3,0.5233644859813084,1844827.5862068967,16.7,1.7,4.9,1.4,-1.3
dantrell blackman,Lumberjacks,PG,19000000,8.0,1.9,17.7,0.8,0.5210526315789474,2375000.0,17.1,3.1,8.5,2.5,-1.5
carlos blanco,Bullets,PG,5000000,2.5,0.1,14.7,-1.7,0.52,2000000.0,8.1,1.5,4.1,0.9,-2.7
karim zouita,Huskies,PG/SG,35000000,11.3,6.8,22.9,7.3,0.5171428571428572,3097345.132743363,24.5,5.7,9.0,2.9,1.7
kourtlin bechard,Jailbirds,SG,2150000,1.0,0.1,11.4,-1.8,0.5116279069767442,2150000.0,6.5,2.0,2.6,1.3,-0.8
anthony beamer,Crusaders,PG,15000000,6.6,1.0,15.5,-0.3,0.5066666666666666,2272727.272727273,11.7,2.1,8.5,1.9,-2.8
devonte bell,Predators,PG,30000000,10.0,5.1,22.9,5.8,0.5033333333333333,3000000.0,25.9,3.4,7.0,3.5,1.2
adrian schwartz,Rockets,SF/SG,10000000,3.2,1.8,16.3,3.9,0.5,3125000.0,7.4,3.0,1.8,1.5,1.1
nyika nnamoko,Skyhawks,PG,10000000,4.3,0.6,15.0,-0.5,0.48999999999999994,2325581.395348837,6.5,2.3,5.7,1.2,-3.0
jordan johnson jr,Predators,SG/SF,17500000,5.8,2.7,15.4,2.6,0.4857142857142857,3017241.379310345,14.8,3.7,3.6,3.2,-0.1
cayden ward,Mustangs,PG,25000000,8.9,3.2,18.8,3.0,0.48400000000000004,2808988.7640449437,15.0,2.8,9.6,2.3,-1.8
rahsool kellar,Barons,SG,5200000,1.7,0.8,12.3,-0.8,0.4807692307692307,3058823.529411765,14.0,4.6,2.7,3.0,0.7
javar bonham,Rockets,C,30000000,10.6,3.7,26.3,3.8,0.4766666666666667,2830188.679245283,24.8,11.5,2.2,4.7,4.9
dalton dumas,Calaveras,C/PF,2950000,1.2,0.2,18.6,-0.3,0.47457627118644063,2458333.3333333335,4.0,2.7,0.5,0.2,0.3
derrick lynch,Predators,SF,30000000,8.5,5.4,17.9,6.7,0.4633333333333333,3529411.7647058824,15.8,8.1,6.7,4.5,3.1
kavian hawes,Hurricanes,PF/C,30000000,11.0,2.9,28.3,2.4,0.4633333333333333,2727272.727272727,30.0,9.5,1.5,4.4,3.4
horace hammer,Cyclones,PF,25000000,7.9,3.6,19.7,3.7,0.46,3164556.9620253164,18.3,9.0,3.7,2.8,2.7
kel pendergast,Devils,SG/SF,10000000,3.0,1.5,17.4,0.7,0.45,3333333.3333333335,16.4,5.6,3.0,2.2,2.6
darryl jerome,Colonels,C/PF,10500000,4.5,0.2,14.5,-1.6,0.44761904761904764,2333333.3333333335,11.3,9.0,1.3,2.4,2.1
dion sowder,Kings,PF,35000000,9.7,5.7,24.3,6.7,0.43999999999999995,3608247.4226804124,27.4,9.1,5.3,4.9,4.1
jadakiss hollywood,Lightning,C,2750000,1.5,-0.3,11.2,-3.2,0.43636363636363634,1833333.3333333333,5.0,5.3,0.6,1.3,0.2
zaire phifer,Vipers,SG,30000000,7.5,5.0,28.9,7.2,0.4166666666666667,4000000.0,31.8,5.7,4.5,2.7,4.5
alzee sessoms,Vipers,PG,28200000,8.9,2.6,18.2,2.0,0.40780141843971635,3168539.3258426967,14.5,3.4,8.8,2.2,-1.2
nikola kojic,Stonecutters,PF,3700000,1.7,-0.2,11.7,-2.5,0.4054054054054054,2176470.588235294,6.3,4.5,0.6,1.4,-0.2
cj lacruz,Scorpions,PG,30000000,8.9,2.9,22.5,3.1,0.39333333333333337,3370786.5168539323,21.6,3.5,8.5,2.7,0.7
nicolas deprez,Crusaders,SF,25000000,6.4,3.4,19.9,3.5,0.392,3906250.0,21.3,5.3,5.3,2.7,2.4
zeke barry,Pilots,PF,25000000,7.9,1.9,24.2,0.8,0.392,3164556.9620253164,28.3,9.8,2.1,4.6,5.1
rubén serrano,Devils,PG/SG,2050000,1.6,-0.8,12.6,-3.2,0.39024390243902446,1281250.0,11.4,2.1,6.9,1.2,-1.7
nazareth cook,Fireballs,PG,18000000,5.7,1.3,18.5,0.5,0.3888888888888889,3157894.736842105,14.3,1.4,5.6,1.7,-2.1
elvis januska,Barons,PF,15000000,4.7,1.1,19.0,0.0,0.3866666666666667,3191489.3617021274,19.5,7.2,2.4,2.5,1.8
marquese henshaw,Bullets,C,17500000,5.6,1.1,14.9,0.2,0.38285714285714284,3125000.0,9.4,8.8,1.8,2.8,1.8
cedric rodgers,Kings,SF,40000000,10.1,5.2,20.9,6.4,0.3825,3960396.0396039607,20.3,6.2,6.5,4.3,1.5
tayshaun aumiller,Renegades,SG,20000000,4.9,2.5,15.7,2.4,0.37,4081632.653061224,14.9,5.4,2.7,3.3,0.7
austin ross,Mustangs,SF/SG,35000000,7.8,5.1,17.7,5.7,0.36857142857142855,4487179.487179487,15.6,5.5,6.5,3.3,1.6
jaxon folmar,Scorpions,C,3000000,0.8,0.3,12.8,1.8,0.3666666666666667,3750000.0,3.1,2.6,0.5,0.5,0.2
ervin rhinehart,Scorpions,PF,16250000,4.4,1.5,20.0,0.6,0.3630769230769231,3693181.818181818,18.9,6.4,2.2,1.4,2.8
jarrett sutherland,Hurricanes,PG,30000000,7.8,3.0,19.4,2.1,0.36000000000000004,3846153.846153846,21.0,3.6,8.6,2.6,-0.1
devante parker jr,Knights,PG,22000000,6.2,1.7,16.9,0.7,0.3590909090909091,3548387.0967741935,14.5,2.8,6.3,1.5,-0.8
amara perez,Giants,C,25000000,7.6,1.3,18.4,0.1,0.35600000000000004,3289473.6842105263,16.7,9.8,0.6,4.3,1.8
lukas kempe,Huskies,PF,2250000,0.6,0.2,11.5,1.1,0.35555555555555557,3750000.0,0.8,1.2,0.2,0.2,-1.7
gvidas vitenas,Predators,PF/C,6500000,1.9,0.4,13.2,0.3,0.3538461538461538,3421052.6315789474,4.2,4.1,0.3,1.2,-0.4
deleon council,Jaguars,SF,2550000,0.7,0.2,11.8,-0.7,0.3529411764705882,3642857.142857143,3.4,1.7,0.7,0.5,-0.5
veljko pavlovic,Lumberjacks,C,40000000,10.1,4.0,21.6,3.7,0.3525,3960396.0396039607,21.7,12.1,2.6,4.9,3.6
ike person jr,Scorpions,C,10500000,3.0,0.7,13.3,-0.3,0.3523809523809524,3500000.0,6.5,7.8,0.8,1.4,1.5
lamarcus coleman,Wolves,SG/SF,31000000,7.2,3.7,17.8,4.1,0.35161290322580646,4305555.555555555,16.1,6.4,5.5,3.5,1.5
antoine rigaux,Huskies,C,35000000,9.3,2.9,21.1,2.2,0.3485714285714286,3763440.8602150534,23.3,10.8,1.7,3.9,2.1
kinard otero,Saints,SF,2950000,1.4,-0.4,12.8,-2.8,0.33898305084745756,2107142.8571428573,9.0,2.1,2.9,0.3,-0.7
nick hatcher,Saints,PG,10000000,3.7,-0.4,15.6,-3.0,0.33,2702702.7027027025,7.0,1.9,5.4,-0.3,-3.9
khadim flowers                        &nbsp;&nbsp;,Hurricanes,SF,30000000,5.9,4.0,15.4,5.2,0.33,5084745.762711864,13.7,4.1,3.3,3.4,2.1
von cook,Calaveras,SG/SF,10000000,2.1,1.2,14.4,1.2,0.32999999999999996,4761904.761904762,7.1,2.9,2.5,0.8,-0.5
lukas lanmuller,Pilots,PG,30000000,7.1,2.7,17.7,2.2,0.3266666666666667,4225352.112676056,16.4,3.8,9.3,2.6,-0.5
ðorde petrović,Skyhawks,C,4900000,3.2,-1.6,15.7,-4.7,0.32653061224489793,1531250.0,15.0,10.0,0.6,3.0,0.4
jaleel stripling,Bullets,PF/C,4600000,1.3,0.2,13.7,-1.1,0.32608695652173914,3538461.5384615385,10.7,5.4,2.2,1.0,0.8
stefan ramos,Tritons,C,30000000,7.4,2.2,20.3,1.4,0.32000000000000006,4054054.054054054,21.3,9.0,1.7,3.4,1.9
russell boozer,Rockets,PF,35000000,7.4,3.8,18.1,5.1,0.32,4729729.72972973,12.9,6.5,3.5,3.3,3.3
damjan nemanič,Barons,SF,19500000,4.2,1.9,17.7,1.7,0.3128205128205128,4642857.142857143,18.4,3.1,3.3,2.2,1.4
romeo ventura,Warriors,SG,4500000,1.1,0.3,12.7,-1.0,0.3111111111111111,4090909.0909090904,6.3,2.7,1.3,1.0,-0.6
james winters,Fireballs,C,15000000,4.7,-0.1,16.8,-2.1,0.3066666666666667,3191489.3617021274,15.8,10.1,2.0,3.3,2.4
terrence swan,Vultures,SG,30000000,6.3,2.9,17.5,2.4,0.30666666666666664,4761904.761904762,16.1,4.7,6.8,1.9,0.5
andre griffin,Stars,SG/SF,32000000,6.2,3.6,20.7,4.1,0.30625,5161290.322580645,19.2,5.5,4.8,1.7,1.9
kelvin page,Pilots,SG,25000000,5.1,2.5,16.3,2.0,0.304,4901960.784313726,14.9,5.4,5.5,2.9,1.5
kealen beitinger,Fireballs,PG,7000000,2.1,0.0,13.7,-2.0,0.3,3333333.333333333,11.1,1.9,3.9,1.7,-1.4
raekwon pack,Jailbirds,PF/SF,26000000,5.1,2.7,15.0,2.5,0.3,5098039.215686275,13.3,6.5,2.1,3.2,1.9
tre braun,Fireballs,SG/SF,32000000,6.3,3.2,18.2,2.8,0.296875,5079365.079365079,17.6,5.4,6.1,3.3,2.1
azar lawton,Huskies,SG,30000000,5.6,3.3,17.1,2.8,0.29666666666666663,5357142.857142857,21.4,5.0,5.6,2.7,0.9
gleb luzan,Skyhawks,PF,3050000,0.8,0.1,13.5,-0.6,0.2950819672131148,3812500.0,5.4,3.4,1.0,0.3,-0.6
atunaisa calvert,Skyhawks,SF,4750000,1.1,0.3,11.5,-0.7,0.2947368421052632,4318181.818181817,3.9,1.1,0.9,0.7,-1.4
zach broyles,Crusaders,PG,25000000,5.7,1.6,21.0,0.4,0.29200000000000004,4385964.912280702,23.0,2.5,7.3,1.0,-0.1
makyi olanrewaju,Thunder,PG,40000000,7.8,3.8,20.9,3.3,0.29,5128205.128205128,23.8,4.4,8.8,2.4,1.4
stanley amakor,Warriors,PF/SF,35000000,6.2,3.9,18.2,4.5,0.28857142857142853,5645161.29032258,15.5,6.5,5.1,2.8,3.2
zavyean murray,Thunder,SF,3550000,0.9,0.1,9.3,-1.9,0.28169014084507044,3944444.4444444445,8.6,3.2,1.7,1.5,-1.0
mustapha efianayi,Giants,SG,35000000,6.6,3.2,15.3,2.7,0.28,5303030.303030304,16.3,4.8,3.7,3.2,0.3
kostas zonas,Devils,SG,24000000,4.7,1.9,17.2,1.8,0.27499999999999997,5106382.978723404,15.9,4.4,3.6,1.7,0.4
nazeer odiambo,Predators,SG/SF,1850000,0.3,0.2,14.2,4.9,0.27027027027027023,6166666.666666667,2.6,1.1,0.6,0.1,-1.1
laurynas linartas,Cyclones,SF/SG,5950000,0.8,0.8,13.5,-0.6,0.2689075630252101,7437500.0,14.3,5.5,3.9,2.8,2.0
marco de luca,Tritons,PG,40000000,7.1,3.6,18.0,3.5,0.26749999999999996,5633802.816901409,16.3,3.8,6.9,2.5,0.4
sergio ortuño,Vipers,C,40000000,7.8,2.8,24.2,2.8,0.265,5128205.128205128,22.7,10.2,1.6,3.4,3.3
patrik jurecka,Skyhawks,SF,25000000,3.9,2.7,16.8,2.2,0.264,6410256.41025641,17.4,4.6,4.2,3.1,2.8
stephan rayner,Crusaders,SG,40000000,6.6,3.6,17.3,3.3,0.255,6060606.060606061,17.3,4.1,6.1,2.3,0.6
mattias fortt,Dragons,SF,5500000,0.9,0.5,14.2,-1.2,0.2545454545454545,6111111.111111111,14.8,6.1,2.9,1.4,2.2
rulon fehr,Giants,PF/C,3150000,0.5,0.3,9.4,1.7,0.253968253968254,6300000.0,3.2,3.9,1.4,0.4,-0.1
ishaq osten,Jaguars,PF,25000000,5.5,0.8,17.6,-0.5,0.252,4545454.545454546,15.8,8.8,2.8,2.5,2.1
damir markovic,Knights,C/PF,13500000,2.6,0.8,15.8,-0.5,0.2518518518518519,5192307.692307692,12.8,6.4,0.8,2.5,1.3
darius stephenson,Renegades,SF/SG,35000000,6.1,2.7,19.5,2.2,0.25142857142857145,5737704.918032787,23.1,5.0,3.5,3.6,1.8
kylan cassier,Rockets,SF,12000000,2.2,0.8,14.2,-0.6,0.25,5454545.454545454,14.0,2.2,3.0,2.4,0.2
kaden ford,Colonels,SF/SG,6000000,1.2,0.3,16.1,-0.2,0.25,5000000.0,4.5,1.4,1.4,0.2,-1.3
tiago fernandes,Vultures,PF,7250000,1.5,0.3,15.2,-1.4,0.2482758620689655,4833333.333333333,10.9,5.8,1.5,1.8,2.0
o'neal cobbs,Stars,PG,9750000,2.7,-0.3,14.1,-3.0,0.2461538461538462,3611111.111111111,5.3,1.2,5.6,0.4,-4.7
pedro santos,Bullets,PF,25000000,4.0,2.0,12.9,1.3,0.24,6250000.0,10.9,4.9,3.0,1.9,0.8
kaleb sterling,Jaguars,SF/PF,3850000,1.6,-0.7,9.9,-3.3,0.2337662337662338,2406250.0,7.8,3.0,2.3,2.1,0.9
daevon nash,Lumberjacks,SG,25000000,4.1,1.7,16.3,1.4,0.23199999999999998,6097560.975609757,13.3,4.1,2.1,2.8,0.8
boris heron,Kings,PG,1750000,0.3,0.1,16.2,2.4,0.2285714285714286,5833333.333333334,2.4,0.6,0.6,0.1,-2.3
kalen smart,Thunder,SG,30000000,5.1,1.5,20.8,0.1,0.22,5882352.941176471,27.6,5.5,3.1,2.1,1.2
jermaine clark,Bullets,SF,11000000,1.8,0.6,12.5,-0.2,0.21818181818181817,6111111.111111111,5.5,3.6,1.5,1.6,0.6
tomas alvarado,Saints,C,2350000,2.8,-2.3,14.3,-6.3,0.2127659574468085,839285.7142857143,10.9,9.0,0.9,1.1,0.0
sandro mazalović,Cyclones,SG,10000000,1.3,0.8,15.0,1.8,0.21000000000000002,7692307.692307692,7.6,2.5,2.6,0.8,-0.3
josh vickery,Jailbirds,PG,35000000,5.6,1.6,15.6,0.5,0.20571428571428568,6250000.0,13.1,2.7,6.4,2.0,-1.0
jb winn,Vultures,PF,13000000,2.1,0.3,14.3,-1.5,0.1846153846153846,6190476.19047619,16.4,6.6,1.1,2.1,0.6
briggs greenaway,Bullets,SG,25000000,3.3,1.2,16.4,0.0,0.18,7575757.575757576,17.1,4.9,3.9,2.4,0.9
spenser crisler,Saints,SG,1750000,0.2,0.1,22.3,2.3,0.17142857142857146,8750000.0,11.4,2.0,2.6,0.0,-0.8
uri varjačić,Wolves,SG,1750000,0.4,-0.1,13.4,-2.2,0.17142857142857146,4375000.0,10.5,2.7,2.4,0.3,-0.4
damarion redfield,Jailbirds,SG/SF,1750000,0.3,0.0,8.1,-1.4,0.17142857142857143,5833333.333333334,2.0,1.2,1.2,0.3,-2.0
moussa konko,Renegades,PF/C,6000000,0.7,0.3,14.0,4.9,0.16666666666666666,8571428.571428573,3.7,5.4,0.5,0.3,-0.4
garrick jurkin,Fireballs,SF/PF,35000000,3.7,1.9,15.8,1.1,0.16,9459459.45945946,15.9,6.2,2.8,3.1,2.5
cardez moss,Warriors,SF/SG,35000000,3.7,1.4,16.5,0.1,0.1457142857142857,9459459.45945946,19.5,4.2,3.2,2.6,1.7
jason cheaney jr,Scorpions,SG/SF,40000000,3.9,1.9,19.8,0.9,0.145,10256410.256410256,23.0,5.5,4.0,2.5,3.2
cairo johnson-brooks,Drones,SF,3850000,0.3,0.2,14.2,-0.9,0.12987012987012986,12833333.333333334,6.2,1.9,0.8,0.8,1.9
demitrius waltz,Stars,C,25000000,4.4,-1.4,18.6,-4.3,0.12000000000000002,5681818.181818182,18.1,10.4,1.2,2.5,1.7
kellen hendy,Drones,PF/C,10000000,1.0,0.2,11.3,-0.6,0.12,10000000.0,6.3,7.5,1.0,0.5,0.9
raijon elimimian,Barons,SG,1750000,0.2,0.0,15.5,-1.2,0.1142857142857143,8750000.0,3.0,0.5,0.3,0.2,-1.1
jade hands,Stonecutters,PF,1750000,0.1,0.1,19.3,8.0,0.1142857142857143,17500000.0,10.0,20.0,3.0,0.1,3.5
donte black,Devils,C,1750000,0.2,0.0,11.7,-2.3,0.1142857142857143,8750000.0,1.5,1.9,0.1,0.1,0.5
lukáš vintr,Stars,SF,25000000,1.8,1.0,15.7,1.2,0.11199999999999999,13888888.888888888,9.8,2.1,2.5,1.0,0.5
johari whitaker,Stonecutters,SG,35000000,2.8,1.1,15.4,0.3,0.11142857142857143,12500000.0,12.2,3.5,1.9,1.6,0.3
landon battier,Drones,C/PF,15750000,1.8,-0.1,18.2,-2.3,0.10793650793650793,8750000.0,15.9,8.6,2.3,2.1,3.1
rudi loggins,Mustangs,PF,2850000,0.9,-0.6,14.0,-4.1,0.10526315789473685,3166666.6666666665,6.9,2.4,0.5,1.2,0.3
adonis walters,Calaveras,SF,33700000,2.3,1.2,17.9,0.6,0.10385756676557863,14652173.913043479,13.0,3.8,3.9,0.4,1.0
trajan jessen,Drones,PF,4000000,0.4,0.0,15.8,-1.4,0.1,10000000.0,4.3,2.8,1.1,0.1,0.4
john-michael tonella,Blizzards,SF,3250000,0.2,0.1,11.8,-1.0,0.09230769230769233,16250000.0,4.1,1.5,1.8,0.1,-0.2
luke venizelos,Colonels,SF,13000000,0.9,0.3,14.7,-1.3,0.0923076923076923,14444444.444444444,10.7,3.2,1.9,1.2,0.6
leandre kokal,Jaguars,C/PF,5500000,0.5,0.0,10.5,-2.1,0.09090909090909091,11000000.0,1.4,2.3,0.4,0.4,0.6
kahlil justice,Jailbirds,SG,6250000,1.3,-0.8,16.0,-3.3,0.08,4807692.307692308,20.6,3.0,3.7,1.7,0.3
deshaunt jordan,Colonels,PG,5000000,0.6,-0.2,13.9,-4.4,0.07999999999999999,8333333.333333334,4.3,1.0,3.6,0.0,-5.1
aquan baxter-bell,Colonels,SG,6500000,0.5,0.0,14.0,-1.5,0.07692307692307693,13000000.0,1.7,0.8,0.8,0.3,0.1
orlando richardson-heath,Blizzards,PF,2750000,0.2,0.0,12.9,-3.8,0.07272727272727274,13750000.0,1.8,1.4,0.2,0.0,-2.6
brandon arenas,Colonels,SG,5500000,1.0,-0.6,17.6,-2.9,0.07272727272727274,5500000.0,23.6,4.2,3.6,0.9,0.5
quantez franklin,Dragons,SG,5950000,0.2,0.2,14.9,-1.7,0.06722689075630252,29750000.0,18.3,2.8,4.0,0.2,-0.4
gabe vaka,Wolves,SG/SF,12000500,0.9,-0.1,13.1,-2.2,0.0666638890046248,13333888.888888888,14.3,5.3,3.3,1.0,0.6
gage woodward,Dragons,SG,15000000,0.4,0.5,17.3,0.5,0.060000000000000005,37500000.0,11.5,2.4,2.6,0.3,0.2
anfernee cummings,Giants,PG,3400000,0.3,-0.1,7.6,-2.5,0.058823529411764705,11333333.333333334,3.1,1.2,2.1,0.9,-2.3
merlin rooks,Jailbirds,PG,1750000,0.1,0.0,14.1,0.3,0.05714285714285715,17500000.0,5.0,0.7,2.3,0.0,-3.1
tana guevara,Mustangs,C,1750000,0.1,0.0,7.8,-1.3,0.05714285714285715,17500000.0,0.4,0.5,0.1,0.1,-0.9
eckhard schneiders,Predators,PF/C,1750000,0.1,0.0,8.2,-7.0,0.05714285714285715,17500000.0,0.8,1.2,0.0,0.1,-4.4
martynas rutkauskas,Drones,SG,3550000,0.5,-0.3,15.9,-2.6,0.05633802816901409,7100000.0,18.0,3.3,3.8,1.1,0.3
jameer morrow,Kings,SG/SF,2050000,0.1,0.0,14.3,-0.7,0.04878048780487806,20500000.0,4.7,1.0,1.8,0.1,-2.5
brayden burgess,Blizzards,SG,2150000,0.1,0.0,16.4,0.3,0.04651162790697675,21500000.0,2.9,0.4,0.7,0.0,-1.3
dylan shenton,Devils,SG,2650000,0.1,0.0,24.1,-1.1,0.03773584905660378,26500000.0,2.7,0.3,1.7,0.0,-3.2
evan demery,Colonels,PF,21500000,0.8,0.0,12.3,-2.0,0.037209302325581395,26875000.0,9.0,4.0,0.9,1.4,0.7
kaan korkmaz,Vultures,SF,3850000,0.2,-0.1,11.8,-2.7,0.025974025974025976,19250000.0,6.1,1.5,1.8,0.4,-1.4
rolando torres,Bullets,SF,5250000,0.1,-0.1,10.7,-3.1,0.0,52500000.0,4.1,1.3,0.9,0.4,-1.4
rick callison,Giants,SG/PG,1750000,0.0,0.0,3.0,-6.8,0.0,,4.0,1.0,2.0,0.0,-2.4
duran hamdy,Saints,PF,1750000,0.0,0.0,0.0,0.0,0.0,,0.0,0.0,0.0,0.0,0.0
deniz karaman,Barons,SG/SF,1750000,0.0,0.0,9.4,-0.4,0.0,,12.0,5.0,4.0,0.0,0.5
rocket moor,Pilots,PG,1750000,0.0,0.0,0.0,0.0,0.0,,0.0,0.0,0.0,0.0,0.0
kostis katiakos,Saints,PG,1750000,0.0,0.0,0.0,0.0,0.0,,0.0,0.0,0.0,0.0,0.0
triston dantley,Devils,C/PF,4450000,1.8,-1.8,16.6,-5.2,0.0,2472222.222222222,16.5,9.2,1.1,2.6,3.3
thiago andrade,Tritons,SG,2250000,0.0,0.0,9.9,-3.8,0.0,,0.8,0.1,0.2,0.0,-4.2
detric akenten,Renegades,PF,3750000,0.0,0.0,-8.8,-14.3,0.0,,0.0,0.0,0.0,0.0,-6.8
omari crooks,Jailbirds,C,1750000,0.1,-0.1,7.8,-3.1,0.0,17500000.0,2.2,1.3,0.3,0.2,-1.1
uzoma bonsu,Wolves,C,5800000,1.9,-2.1,12.8,-5.2,-0.03448275862068969,3052631.5789473685,13.0,8.2,1.4,1.3,1.1
aleksei zarva,Barons,PF/C,1950000,0.1,-0.2,8.7,-5.1,-0.05128205128205129,19500000.0,2.2,2.8,0.2,0.4,-0.5
fabio tinto,Pilots,SG,1850000,0.0,-0.1,9.4,-4.0,-0.05405405405405406,,2.4,0.7,1.6,0.1,-2.8
gregor zorko,Jaguars,SG,1750000,0.0,-0.1,9.2,-3.7,-0.05714285714285715,,4.1,1.8,1.3,0.2,-2.3
sheriff moehring,Dragons,PG,1750000,-0.1,0.0,9.0,-5.6,-0.05714285714285715,-17500000.0,6.0,1.3,2.0,0.0,1.1
kahale north,Tritons,SG/SF,1750000,-0.1,0.0,2.9,-5.9,-0.05714285714285715,-17500000.0,2.7,1.3,1.7,0.0,-2.4
marcello ebinum,Cyclones,SG/SF,1750000,-0.1,0.0,11.1,-1.8,-0.05714285714285715,-17500000.0,4.6,2.3,1.5,0.2,-0.3
trevon king,Jaguars,SG/SF,5200000,0.0,-0.8,12.2,-3.3,-0.15384615384615385,,13.8,3.6,2.2,1.9,0.4
marcus pendleton,Stonecutters,SF,1750000,-0.1,-0.2,8.8,-6.5,-0.17142857142857146,-17500000.0,1.7,0.3,0.8,0.0,-4.7
jaleel porter,Stars,SG,2750000,0.2,-0.7,15.0,-3.7,-0.1818181818181818,13750000.0,11.5,1.8,2.2,0.6,-0.9
kam wolters,Colonels,C/PF,1750000,0.2,-0.6,8.8,-6.9,-0.22857142857142856,8750000.0,1.8,2.4,0.2,0.4,-1.7
raúl lozano,Drones,SF,2550000,-0.1,-0.5,13.9,-2.6,-0.23529411764705882,-25500000.0,19.3,4.2,3.1,1.8,1.5
sulaiman seiwert,Stonecutters,SF/PF,1750000,-0.2,-0.3,5.2,-6.2,-0.2857142857142857,-8750000.0,1.3,0.6,0.2,0.1,-2.7
lamar claxton jr,Skyhawks,SG,5650000,-3.9,-1.6,15.1,-4.3,-0.9734513274336283,-1448717.9487179487,25.5,4.1,3.6,2.3,1.8
tyrae lewis,Saints,SG,6250000,-5.7,-1.9,16.1,-5.0,-1.216,-1096491.2280701755,24.8,3.0,4.9,0.3,2.1
marcel richter,Giants,C,0,8.7,3.6,22.1,3.1,,0.0,23.9,12.3,3.4,4.8,4.6
labradford reath,Lumberjacks,PF,0,6.2,2.3,21.4,1.9,,0.0,20.8,7.6,1.8,3.9,3.4
stephon carlton,Cyclones,C/PF,0,10.7,4.6,21.9,4.6,,0.0,19.6,9.4,4.4,3.8,4.8
reid frahm,Free Agent,PG,0,12.0,4.8,19.1,5.2,,0.0,12.8,3.8,10.2,2.9,-2.0
raheem barkley,Free Agent,PF,0,2.4,0.7,13.7,1.6,,0.0,4.3,3.6,1.3,1.0,0.6
payton oyediran,Pilots,SF,0,4.5,2.9,15.1,2.8,,0.0,15.3,4.5,3.9,2.5,1.2
dominic vukcevic,Blizzards,PF,0,1.6,0.7,17.0,1.8,,0.0,5.2,3.3,0.9,1.0,3.0
kenan aleksic,Mustangs,SF/SG,0,2.9,2.6,15.5,2.7,,0.0,15.5,3.8,2.6,3.2,2.9
xavier lowe,Bullets,SG,0,3.8,1.7,19.4,2.2,,0.0,16.4,4.1,2.2,1.9,1.1
jamarcus payne,Lightning,C,0,7.3,1.3,16.3,0.1,,0.0,11.1,11.3,1.0,3.8,1.8
keyon mccoy,Renegades,PG,0,5.7,2.5,19.7,1.6,,0.0,26.2,3.8,4.7,3.4,1.2
kelvin grady,Free Agent,PF,0,4.4,1.3,12.6,0.6,,0.0,6.5,5.8,1.6,1.6,1.1
domonkos biro,Giants,SF,0,4.8,2.8,13.4,2.5,,0.0,11.8,3.2,4.5,3.4,0.9
drake walter,Jailbirds,SF,0,5.4,3.7,15.5,4.6,,0.0,9.5,4.6,4.4,2.6,2.8
leon hawthorne,Lightning,SF/SG,0,4.3,1.9,16.5,0.9,,0.0,17.9,4.0,4.7,2.2,0.6
tyrone george,Pilots,C,0,8.6,3.2,18.9,3.3,,0.0,15.4,10.9,1.7,4.1,3.6
demetrice davis,Warriors,SG,0,0.3,0.1,14.5,-1.2,,0.0,3.0,1.0,0.9,0.2,-1.3
evan lieberman,Knights,PF,0,6.4,3.2,17.1,4.5,,0.0,11.6,5.7,3.5,1.9,2.0
jimmie hollimon,Vipers,SF,0,8.2,4.4,21.4,5.7,,0.0,18.4,6.2,4.1,3.0,2.4
jack tyson,Vultures,SG/SF,0,4.0,2.1,16.4,2.7,,0.0,10.7,3.4,3.6,1.5,1.0
ish hampton,Warriors,PG,0,3.8,1.1,15.9,0.8,,0.0,11.6,2.1,6.1,1.0,-1.9
tyree bruner,Free Agent,SF,0,0.1,0.2,14.1,-1.3,,0.0,10.6,2.7,2.3,0.7,0.3
lonzo waterman,Free Agent,SF/SG,0,0.8,0.4,18.9,2.7,,0.0,5.8,1.7,1.1,0.4,0.3
jacob nazarian,Giants,PG/SG,0,9.4,4.4,17.0,4.8,,0.0,11.1,5.7,7.6,3.2,-0.1
jeron davis,Jailbirds,SF,0,3.1,1.1,13.1,0.2,,0.0,10.0,3.0,2.5,1.8,-0.1
quinn alston,Stonecutters,SF/SG,0,3.8,2.3,19.2,1.7,,0.0,20.2,3.2,4.1,2.4,2.4
giannis kapnopoulos,Jaguars,SF,0,3.2,1.5,18.3,1.4,,0.0,12.4,4.0,3.3,2.1,2.8
vitaliy mccarty,Kings,SF/SG,0,1.6,0.9,16.0,2.8,,0.0,8.6,2.7,2.2,1.2,0.1
caius thompson,Renegades,C,0,10.2,3.9,14.7,3.9,,0.0,9.3,10.7,2.1,4.2,1.1
jaaron hyde,Saints,SG,0,-0.8,-0.4,18.2,-3.2,,-0.0,13.1,2.6,1.5,0.5,1.0
andre sawyer,Tritons,SG/SF,0,7.0,1.9,18.3,0.9,,0.0,18.2,3.1,3.8,2.4,0.8
norville ivany,Vipers,PF,0,2.3,1.4,13.5,3.7,,0.0,6.8,4.0,1.5,1.1,1.0
marshall bankhead,Free Agent,PG,0,4.0,1.0,17.4,0.5,,0.0,10.2,1.3,4.5,1.0,-2.7
t.j. kyungu,Free Agent,SF/SG,0,1.7,0.6,15.2,-0.4,,0.0,10.4,2.9,2.3,1.9,0.8
yuri maksimov,Free Agent,SG,0,0.7,0.3,18.3,3.5,,0.0,8.0,2.6,1.9,0.2,0.0
adam hines,Rockets,SF,0,5.4,2.9,16.2,3.0,,0.0,14.6,5.4,3.4,3.0,1.3
jaxson booker,Stonecutters,PG,0,4.7,1.2,19.5,1.4,,0.0,10.0,1.9,4.4,0.7,-1.8
jonny caruthers,Free Agent,PG,0,0.2,0.0,12.1,-2.6,,0.0,5.6,1.4,3.1,0.1,-2.9
coty sima,Free Agent,C,0,0.2,0.0,19.5,1.9,,0.0,3.3,2.8,0.5,0.1,1.8
devon walton,Free Agent,C/PF,0,0.5,0.0,15.0,-2.0,,0.0,2.4,1.4,0.1,0.3,-1.3
dallan owusu,Lightning,SF,0,4.5,1.0,16.5,-0.4,,0.0,16.2,3.0,3.9,2.1,1.7
dj mccants,Lumberjacks,SF/SG,0,2.8,0.8,14.5,0.4,,0.0,6.9,2.9,2.5,1.7,0.5
kaimyn fry,Skyhawks,C/PF,0,6.2,1.4,14.6,0.5,,0.0,9.8,8.2,1.1,3.1,2.0
myles lammers,Thunder,PF,0,1.0,0.4,13.2,2.6,,0.0,1.6,2.7,0.7,0.5,1.4
hilton phillips jr,Vultures,PG,0,6.8,1.2,19.3,0.0,,0.0,14.4,2.2,8.1,0.9,-2.3
marc nkusu,Dragons,PF,0,1.7,0.7,11.5,1.2,,0.0,3.8,4.3,0.7,1.0,1.1
riki azpeitia,Free Agent,SF,0,0.5,0.1,13.0,0.4,,0.0,4.5,1.8,1.0,0.3,-1.7
kennon fiedler,Free Agent,C,0,3.5,0.8,16.3,0.3,,0.0,9.2,6.6,0.8,1.6,1.9
martez mastern,Free Agent,C,0,1.3,-0.2,13.9,-3.4,,0.0,6.7,6.1,0.8,1.1,1.0
tommy mock,Free Agent,C,0,7.8,3.6,14.4,3.6,,0.0,10.9,9.7,1.2,4.0,1.1
ikenna hall,Thunder,SG,0,1.7,0.7,13.5,2.4,,0.0,4.4,2.3,1.2,0.5,-1.4
antoine daniels,Blizzards,SF,0,2.9,1.6,17.0,0.7,,0.0,16.7,3.7,3.8,1.1,2.1
conner pearson,Blizzards,C/PF,0,5.7,1.8,14.0,1.2,,0.0,6.9,9.4,1.8,1.5,1.6
duane johnson,Free Agent,PF,0,0.0,0.0,24.8,-9.7,,,4.0,0.0,0.0,0.0,-5.8
mario moore,Free Agent,SG,0,2.7,0.9,14.4,1.0,,0.0,6.2,2.0,2.1,1.3,-1.2
danny winchester,Free Agent,PF,0,0.6,0.3,13.6,0.9,,0.0,6.8,3.9,1.1,0.8,0.3
mandela marsh-kittrell,Free Agent,PG,0,0.3,0.0,12.4,-1.4,,0.0,2.7,0.7,1.7,0.4,-1.9
ruben miramontes,Free Agent,SF/SG,0,0.3,0.2,12.6,-0.7,,0.0,8.0,2.3,1.7,0.6,-0.3
tahj rallis,Free Agent,SG,0,1.9,0.9,13.4,0.1,,0.0,9.1,2.3,2.3,0.9,-0.4
temple timmerman,Free Agent,SG/SF,0,0.3,0.1,17.3,0.2,,0.0,3.0,0.9,0.7,0.2,-0.1
cheddi pellerin,Giants,PF/C,0,2.1,1.0,15.0,3.1,,0.0,5.1,4.6,1.0,1.3,1.6
terrell stewart,Predators,PG,0,5.5,2.3,19.1,5.6,,0.0,5.7,2.5,4.6,1.8,-1.1
arif langston,Skyhawks,SG,0,3.8,1.8,19.2,2.4,,0.0,13.8,3.7,1.4,1.9,1.3
trace mcavoy,Barons,PF/C,0,0.8,0.4,14.9,0.1,,0.0,7.9,3.3,1.1,0.8,0.8
davide deangelo,Devils,SF,0,0.2,0.0,16.2,0.0,,0.0,4.8,0.9,0.9,0.0,-1.5
corbin nealy,Dragons,PF,0,-0.5,-0.8,10.8,-6.7,,-0.0,6.7,3.5,0.6,0.3,0.2
willie bennett,Free Agent,SF,0,0.8,0.5,21.9,5.7,,0.0,9.9,1.7,1.8,0.3,-0.1
scoochie hope,Free Agent,PG/SG,0,0.1,0.1,15.3,0.0,,0.0,4.3,1.2,1.3,0.1,-0.2
cade shelton,Free Agent,SF/SG,0,-0.1,-0.1,10.9,-4.3,,-0.0,2.8,1.0,0.4,0.1,-1.4
auston turner,Free Agent,SF,0,1.0,0.5,14.4,1.1,,0.0,5.4,1.6,1.1,0.7,-1.1
yanis lopes,Huskies,C/PF,0,0.0,0.0,0.0,-18.7,,,1.0,0.7,0.0,0.0,-8.8
chibueze gates,Lumberjacks,PF,0,2.4,1.3,16.0,4.5,,0.0,6.4,3.8,1.1,1.1,1.4
tredarius love,Lumberjacks,C/PF,0,0.9,0.3,11.8,0.9,,0.0,3.8,4.8,0.8,0.6,0.3
chancellor rizk,Pilots,SG/SF,0,-0.1,0.0,9.2,-2.5,,-0.0,6.4,1.6,2.6,0.1,-1.1
demetris kessee,Thunder,SF/SG,0,4.2,2.2,14.5,2.3,,0.0,14.8,3.2,2.8,1.9,0.7
stefano severini,Vipers,C,0,5.0,1.6,10.6,0.6,,0.0,7.3,7.7,1.2,2.8,0.3
bakari humphrey,Warriors,SG/SF,0,3.3,1.3,14.3,0.1,,0.0,13.5,4.2,4.3,2.3,0.7
dwayne mcrae,Warriors,SF,0,0.0,-0.1,14.7,-4.5,,,2.3,0.2,0.3,0.0,-3.2
emeka nyambi,Barons,C,0,7.5,2.5,15.7,2.4,,0.0,9.6,10.4,2.4,3.7,2.8
tyrique beaudean,Crusaders,PG,0,2.4,0.7,15.0,0.8,,0.0,6.7,1.6,3.5,0.9,-2.2
ofure rabinovich,Dragons,SG,0,-0.3,-0.1,14.8,-2.9,,-0.0,12.1,2.7,2.5,0.0,-0.8
lloyd bruton,Free Agent,PG,0,1.2,0.2,18.5,-0.2,,0.0,5.6,1.0,2.8,0.3,-1.8
metehan keloglu,Free Agent,PF/SF,0,2.5,0.8,15.0,0.6,,0.0,7.2,2.9,1.3,1.2,-0.4
guy vasquez,Free Agent,SG/SF,0,1.0,0.0,14.6,-2.0,,0.0,8.4,1.9,2.5,0.9,-1.1
robert alcegaire,Huskies,PF,0,0.5,0.2,12.8,1.3,,0.0,8.8,6.4,1.0,0.3,0.0
knud mandana,Jaguars,SG,0,,,,,,,,,,,
orlando fitzpatrick,Skyhawks,SF/SG,0,,,,,,,,,,,
niklas harris,Tritons,PG,0,7.9,3.1,20.0,2.7,,0.0,20.7,2.2,6.8,2.2,-0.5
max kurbatov,Calaveras,SG,0,-0.1,-0.1,10.0,-5.5,,-0.0,1.4,0.3,0.1,0.0,-0.9
trinson tomasco,Calaveras,PF,0,3.1,0.7,16.9,-0.3,,0.0,8.6,5.8,1.6,0.6,1.9
jarvis cannon,Crusaders,PF,0,2.4,0.5,15.7,-0.2,,0.0,10.0,5.2,0.8,1.3,-0.1
jerod kirk,Dragons,SG/PG,0,,,,,,,,,,,
cole starkweather,Knights,SG,0,2.2,0.6,15.8,-1.0,,0.0,18.8,4.7,3.3,2.0,1.2
juvonte dwight,Pilots,PG,0,0.1,0.0,17.4,3.7,,0.0,5.5,2.5,3.0,0.0,-0.7
mandela osayande,Renegades,PG,0,3.3,0.8,13.2,0.7,,0.0,5.2,1.3,3.0,1.2,-3.3
john ford,Saints,C/PF,0,0.5,0.0,15.2,-1.5,,0.0,2.3,1.9,0.6,0.1,1.1
cole blake,Scorpions,PF,0,4.5,1.6,17.7,1.5,,0.0,13.6,4.8,1.1,3.4,2.2
jarquez gowins,Warriors,PF,0,0.2,0.1,10.3,2.2,,0.0,0.6,0.7,0.4,0.2,3.4
carsen christos,Barons,SG,0,1.6,1.0,13.4,1.4,,0.0,10.3,3.4,2.2,1.4,0.5
ephraim gashi,Barons,PF/SF,0,,,,,,,,,,,
john riley,Blizzards,PG,0,3.2,0.9,18.0,0.9,,0.0,7.6,2.2,3.3,0.1,-1.3
jasonn payton,Calaveras,SF/SG,0,-0.5,-0.2,14.4,-3.6,,-0.0,8.2,2.7,1.2,0.0,-0.3
cole kopelani,Crusaders,C/PF,0,5.1,3.1,19.5,2.7,,0.0,22.3,8.9,2.2,2.7,2.0
jordan goodridge,Devils,C/PF,0,1.8,0.3,16.7,-1.2,,0.0,12.1,6.9,1.2,1.8,3.1
kellen layne,Devils,PG/SG,0,0.4,0.2,22.7,7.9,,0.0,3.3,1.0,1.0,0.1,3.6
deandre leslie,Drones,C,0,0.9,0.4,16.3,1.8,,0.0,6.8,5.8,2.1,0.6,4.1
joe beck-taylor,Free Agent,SF,0,0.0,0.0,12.0,-0.7,,,2.0,3.0,3.0,0.0,-0.2
zion buckner,Free Agent,PF,0,2.5,0.3,14.7,-1.8,,0.0,11.1,5.1,0.9,2.0,0.5
quentyn callender,Free Agent,PF,0,3.8,0.9,15.1,1.1,,0.0,5.6,5.1,0.6,2.1,1.1
siler lever,Free Agent,SG/PG,0,-0.1,-0.1,12.6,-3.0,,-0.0,3.2,1.7,1.2,0.1,-1.2
reid callaway,Jaguars,SG,0,1.6,0.7,12.7,0.0,,0.0,8.0,2.6,2.9,1.7,0.4
shaun ackerman,Stars,SG,0,,,,,,,,,,,
hudson leonard,Stars,SF,0,1.5,0.0,14.4,-2.0,,0.0,15.3,3.9,1.7,1.1,-0.2
tyrell hawke,Bullets,SG,0,,,,,,,,,,,
vonzell collier,Devils,PF,0,3.2,0.1,15.4,-1.8,,0.0,12.7,6.9,1.2,2.1,3.0
paris salas,Free Agent,C,0,0.0,0.0,14.2,-6.4,,,0.6,0.3,0.0,0.0,-1.6
ousman schaafsma,Free Agent,PF,0,0.0,0.0,14.3,-1.8,,,4.3,0.3,0.7,0.0,-1.3
tra'vaughn tauaefa,Free Agent,SF/PG,0,0.0,0.0,28.2,-0.9,,,1.0,0.3,0.0,0.0,-4.0
reuben wilhite,Free Agent,PF,0,0.4,0.1,13.3,-0.2,,0.0,4.0,3.0,0.7,0.2,-0.8
emery hathaway,Jaguars,SF,0,2.1,-0.4,11.8,-2.9,,0.0,7.5,3.7,1.6,1.9,1.2
cassius levert,Jaguars,SG,0,0.4,0.1,14.1,-0.7,,0.0,5.4,1.0,0.8,0.2,-1.7
bogdan nikolic,Jaguars,PF/C,0,1.9,0.6,17.7,-0.7,,0.0,16.0,8.8,1.8,3.0,3.7
sebastian crawley,Jailbirds,C/PF,0,1.5,0.6,12.2,0.9,,0.0,7.2,5.1,1.5,0.8,0.4
jawann spriggins,Jailbirds,PF,0,0.4,-0.3,15.2,-3.8,,0.0,9.4,4.4,0.6,0.7,-0.6
al-amir geyen,Knights,C,0,0.4,0.0,12.0,-2.6,,0.0,1.7,1.5,0.2,0.3,-0.3
pedro ezidore,Lightning,SG,0,,,,,,,,,,,
erickson wirth,Pilots,SG/SF,0,-0.1,-0.1,7.3,-3.5,,-0.0,2.2,0.6,0.6,0.2,-2.7
cifu alcalá,Predators,SG/SF,0,,,,,,,,,,,
garett henderson,Vipers,SF/SG,0,,,,,,,,,,,
jamaya patton,Wolves,PF,0,0.9,-0.1,10.7,-2.4,,0.0,4.0,3.5,0.6,0.7,0.4
kyran craig,Devils,SF,0,,,,,,,,,,,
darin brisby,Dragons,PG,0,1.5,0.4,16.0,0.4,,0.0,7.7,1.1,3.8,0.6,-2.1
orkun ozcan,Dragons,PG/SG,0,1.5,0.7,18.7,0.1,,0.0,13.7,2.0,5.2,0.2,-0.6
braiten tagaloa,Drones,SF/PF,0,,,,,,,,,,,
mahmoud abdur-rahman,Free Agent,SF,0,3.0,1.7,17.2,2.2,,0.0,12.1,2.7,3.0,1.6,-0.1
dillon brooks,Free Agent,SG/SF,0,3.2,1.3,14.3,1.8,,0.0,6.1,3.8,2.4,1.3,0.2
jamaree dupay,Free Agent,PF,0,0.3,0.1,23.0,8.8,,0.0,1.5,1.2,0.3,0.1,4.5
abdoulaye planincic,Free Agent,PG,0,0.7,0.1,19.8,1.4,,0.0,3.4,0.3,1.6,0.2,-3.9
kendrick atkins,Renegades,SF/SG,0,0.2,0.1,27.4,7.8,,0.0,2.5,0.8,0.4,0.0,-2.5
shazier lund,Renegades,SF,0,0.6,0.3,12.4,2.5,,0.0,5.1,0.9,1.2,0.4,-1.0
cullen kasparek,Saints,PF/C,0,,,,,,,,,,,
markus voglsammer,Stonecutters,SF,0,3.3,1.8,17.3,2.6,,0.0,10.6,3.7,2.3,1.8,1.5
zach camara,Thunder,PG,0,1.9,-0.1,14.3,-2.2,,0.0,5.0,0.9,2.9,0.7,-3.2
prince davis,Warriors,PF,0,2.6,1.3,17.5,4.3,,0.0,5.8,2.7,1.3,0.9,2.1
stefan drescher,Wolves,C/PF,0,,,,,,,,,,,
arturo olaetxea,Wolves,SG/PG,0,0.9,0.3,21.8,1.7,,0.0,11.0,1.3,2.8,0.0,-1.6
devonne goldwire,Blizzards,PG,0,4.3,0.9,15.1,-0.4,,0.0,10.8,2.9,5.8,0.2,-1.2
jaleel usher,Blizzards,SF/SG,0,1.2,0.3,17.3,-1.0,,0.0,13.7,2.6,4.1,0.2,0.1
jaron frost,Calaveras,PF/C,0,,,,,,,,,,,
rené larousse,Calaveras,C,0,,,,,,,,,,,
shaine jarmon,Colonels,PF/C,0,,,,,,,,,,,
quintyn detrick,Drones,SF,0,0.1,0.0,13.3,-2.2,,0.0,11.1,1.7,3.4,0.3,-2.0
akani adekoya,Free Agent,SG/PG,0,0.0,-0.1,10.4,-3.9,,,2.6,0.6,1.0,0.2,-2.3
elijah monk,Free Agent,PF,0,2.9,1.1,12.8,2.3,,0.0,3.1,4.6,1.7,1.3,1.9
jamichael wilson,Free Agent,PF,0,2.4,0.2,11.9,-1.4,,0.0,4.1,5.0,1.0,1.2,1.0
solomon mcilvaine,Lumberjacks,PG,0,3.3,0.6,16.4,0.0,,0.0,6.8,0.9,3.8,1.2,-3.4
isaiah voss,Lumberjacks,PG,0,,,,,,,,,,,
tafari stephens,Mustangs,C,0,5.2,1.2,14.7,0.7,,0.0,7.1,7.9,1.1,3.0,1.7
antonio lopez,Pilots,C,0,3.4,0.7,12.5,-0.4,,0.0,6.9,7.4,0.8,2.9,2.0
fabian kendricks,Skyhawks,SG,0,0.1,0.1,11.8,3.2,,0.0,8.0,4.0,3.0,0.0,-0.6
everage perkowski,Skyhawks,PG/SG,0,0.0,-0.2,8.4,-6.6,,,0.8,0.3,0.6,0.0,-5.1
khaled dely,Stars,SG/PG,0,,,,,,,,,,,
bryson bolden,Tritons,SF/PF,0,2.8,1.4,12.7,1.1,,0.0,9.4,4.2,1.1,2.3,0.8
zack lasalle,Tritons,C,0,0.3,0.1,10.5,-0.6,,0.0,1.1,0.9,0.2,0.2,-0.3
dana mantovani,Tritons,SF,0,1.1,0.3,15.0,1.5,,0.0,3.2,1.3,0.9,0.4,-0.1
paolo belli,Warriors,PG,0,0.4,0.1,15.0,-0.3,,0.0,2.0,0.6,0.7,0.1,-2.9
arik mills,Wolves,SG,0,1.4,0.8,16.1,0.8,,0.0,10.8,3.3,2.4,0.6,0.5
jerron cooper jr,Cyclones,PG,0,,,,,,,,,,,
zafer aynaoglu,Free Agent,PG,0,0.0,-0.1,13.6,-5.1,,,4.9,0.6,1.0,0.0,-3.6
godwin gillette,Free Agent,C,0,2.9,-0.1,12.9,-2.4,,0.0,5.0,6.2,0.7,1.5,0.0
axel grenier,Free Agent,SF/SG,0,0.4,0.3,19.6,4.5,,0.0,7.9,2.9,2.2,0.1,0.4
lance jacobsen,Free Agent,SG/PG,0,0.0,0.0,15.4,-15.2,,,1.0,0.0,0.0,0.0,-6.0
jonathan landry,Free Agent,SF,0,0.1,0.1,12.7,-1.3,,0.0,7.6,3.4,1.7,0.7,0.9
kahlil sinclair,Free Agent,SF,0,-0.1,0.0,1.7,-14.0,,-0.0,6.0,0.0,0.0,0.0,-6.0
zachary bancroft,Giants,SF,0,,,,,,,,,,,
delazarus russell,Jailbirds,C,0,3.8,0.6,16.1,-0.3,,0.0,7.9,5.0,1.2,1.7,1.5
henrik strietholt,Skyhawks,SF/SG,0,0.2,-0.1,16.4,-4.6,,0.0,1.5,0.1,0.4,0.1,-4.1
aboubacar healy,Stonecutters,SF/SG,0,,,,,,,,,,,
leonardo bianchi,Thunder,PF,0,0.0,0.0,8.8,-8.0,,,0.8,0.8,0.0,0.0,-1.3
kenny cokley,Warriors,PG,0,3.1,-0.1,15.9,-2.4,,0.0,11.1,1.5,3.5,0.7,-2.3
isaac lopez,Wolves,C/PF,0,1.0,0.0,17.9,-1.8,,0.0,4.3,1.7,0.6,0.1,-0.2
yves lovato,Crusaders,SF,0,,,,,,,,,,,
victor mbaya,Drones,PG,0,0.1,0.0,11.6,-1.4,,0.0,4.0,1.6,1.6,0.1,-1.4
ilker vick,Drones,PF,0,,,,,,,,,,,
collins hogg,Fireballs,C,0,,,,,,,,,,,
jordan kingsley,Fireballs,SF/SG,0,0.0,0.0,12.3,-1.3,,,6.0,1.0,1.3,0.1,1.0
demarrio blake,Free Agent,PG,0,3.7,0.6,14.9,0.1,,0.0,4.3,1.3,4.1,0.9,-4.3
jerome carouthers,Free Agent,SF,0,0.1,0.0,12.1,-0.2,,0.0,6.0,1.0,0.0,0.0,-5.5
viktor morozov,Huskies,SF/SG,0,,,,,,,,,,,
ismael green,Knights,SF,0,2.1,0.8,12.7,0.6,,0.0,5.8,2.1,1.5,0.9,-0.7
devontavius asher,Lightning,SG,0,1.3,0.6,13.0,-0.1,,0.0,8.5,2.4,2.8,1.0,-0.7
caleb smith,Lightning,PG,0,0.2,0.0,15.3,-2.4,,0.0,1.8,0.3,0.9,0.1,-3.5
wen dunmore,Lumberjacks,SF/SG,0,,,,,,,,,,,
ambrose udoh,Renegades,PF,0,0.4,0.1,14.9,2.2,,0.0,3.1,1.5,1.7,0.1,-2.6
langston baker,Skyhawks,PF,0,0.3,0.0,13.6,-1.1,,0.0,0.9,0.5,0.2,0.1,-0.1
emani meade,Stonecutters,SG,0,1.4,0.4,14.6,0.3,,0.0,4.8,1.3,1.4,0.6,-1.4
scott holmes,Warriors,C,0,0.6,0.2,11.3,1.0,,0.0,1.4,1.3,0.3,0.3,-0.1
fard bales,Barons,SF/SG,0,,,,,,,,,,,
nathaniel owens,Devils,PF/C,0,,,,,,,,,,,
julien days,Fireballs,SF,0,,,,,,,,,,,
askia leahey,Free Agent,PG,0,1.1,-0.3,13.7,-3.2,,0.0,7.4,1.5,5.1,0.4,-2.9
james murray,Free Agent,C,0,2.7,0.6,14.7,0.4,,0.0,4.5,4.6,0.7,1.6,1.8
trenard noble,Free Agent,SG,0,0.0,0.0,11.5,-4.6,,,4.3,1.1,1.0,0.0,-2.6
rosario silvestro,Free Agent,C,0,-0.1,-0.1,2.5,-16.0,,-0.0,1.4,1.0,0.0,0.0,-3.4
kaizer wilkerson,Free Agent,SG,0,0.0,0.0,39.1,4.2,,,5.0,0.0,0.0,0.0,-6.7
garrick chapman jr,Huskies,PG/SG,0,1.9,0.9,16.4,1.0,,0.0,7.5,1.8,2.7,1.2,-0.6
evann fagan,Huskies,PG,0,0.1,0.0,18.0,0.5,,0.0,6.2,0.4,1.6,0.0,-3.8
mekel duell,Knights,PG/SG,0,0.6,0.1,12.9,-1.4,,0.0,3.5,0.9,1.1,0.2,-2.6
solomone bran,Mustangs,SF,0,,,,,,,,,,,
tavares storm,Pilots,SF,0,,,,,,,,,,,
jamir frenchwood,Predators,PG,0,0.4,0.0,10.8,-1.5,,0.0,1.1,0.3,1.3,0.2,-4.2
tykee lovely,Stars,SF,0,0.4,0.1,13.9,-0.3,,0.0,4.0,0.9,0.8,0.2,-1.8
tau weitzman,Stonecutters,PF,0,,,,,,,,,,,
archer clarke,Vipers,C,0,2.0,0.8,12.3,2.4,,0.0,2.6,4.7,0.8,1.2,1.7
djimon joyce,Wolves,PG,0,4.1,1.0,19.5,1.1,,0.0,6.7,1.6,4.6,0.5,-2.0
danilo radovic,Bullets,PG,0,0.6,-0.1,12.8,-2.7,,0.0,4.0,0.9,2.3,0.2,-3.7
taron crosswell,Devils,PF,0,,,,,,,,,,,
dimitris karras,Devils,SG,0,2.3,0.9,13.3,0.3,,0.0,6.0,3.1,2.9,1.3,0.8
andrej lukic,Devils,PF/C,0,3.6,0.7,13.6,-0.4,,0.0,6.3,6.5,1.2,1.9,1.9
damyean roby,Fireballs,PF,0,1.5,-0.6,11.1,-3.8,,0.0,5.9,3.2,0.6,1.1,-0.9
tawaski casuga,Free Agent,PG,0,1.6,0.6,18.2,1.6,,0.0,10.1,1.6,3.7,0.6,-1.1
marcus jordy,Free Agent,C,0,2.4,0.3,12.5,-1.3,,0.0,5.0,6.3,1.5,2.0,1.9
kendrick rudd,Free Agent,PG,0,5.0,0.7,14.1,-0.4,,0.0,6.7,1.6,6.1,1.2,-3.8
demario regas,Mustangs,SG,0,,,,,,,,,,,
denzel cruz,Saints,SF,0,1.3,-0.6,14.1,-3.2,,0.0,12.0,2.8,3.2,0.3,-0.3
gini still,Barons,PG,0,2.7,0.8,15.3,0.6,,0.0,5.8,1.4,2.9,1.3,-1.4
markquis swoger,Colonels,PG,0,,,,,,,,,,,
demetris cruz,Free Agent,PG,0,-0.1,0.0,5.9,-7.8,,-0.0,3.5,1.0,5.0,0.0,-1.5
daniel martin,Free Agent,C,0,0.5,0.2,13.0,2.1,,0.0,2.6,3.6,0.9,0.3,1.6
andre wright,Free Agent,SG/SF,0,2.0,0.6,17.0,0.1,,0.0,9.5,2.8,1.4,1.5,1.2
pancrazio giorgini                        &nbsp;,Huskies,C/PF,0,,,,,,,,,,,
salah abdel-hakim,Knights,SF/SG,0,,,,,,,,,,,
onyebuchi dahle,Knights,SF,0,,,,,,,,,,,
hidde gazi,Mustangs,PG,0,,,,,,,,,,,
blayne eberly,Pilots,SG,0,,,,,,,,,,,
keeon grover,Predators,SF/SG,0,4.0,2.0,14.9,4.4,,0.0,6.3,2.7,2.2,1.9,-0.4
jayce croyle,Saints,SF,0,,,,,,,,,,,
derian arnick,Barons,PF/C,0,0.9,0.5,11.0,2.4,,0.0,4.3,3.7,1.5,0.5,0.1
bryson howard,Blizzards,SG/SF,0,,,,,,,,,,,
jacory kane,Fireballs,PG,0,1.3,0.5,15.0,1.8,,0.0,8.4,2.6,4.3,0.5,-1.4
lasan crisp,Free Agent,PF/C,0,5.4,0.7,13.9,-1.0,,0.0,12.4,8.8,1.8,3.1,1.7
jordan duggins,Free Agent,C,0,0.2,0.0,15.9,0.3,,0.0,1.5,1.1,0.3,0.1,0.5
antoine hanks,Free Agent,PF,0,0.3,0.0,11.8,-1.6,,0.0,1.3,0.7,0.3,0.1,0.5
gardner hassett,Free Agent,C/PF,0,0.1,0.0,22.4,11.4,,0.0,1.3,0.8,0.3,0.0,6.9
khadim martinoni,Mustangs,PF,0,,,,,,,,,,,
marquez pearson,Scorpions,PG,0,5.2,1.1,16.7,0.8,,0.0,6.7,2.1,6.3,1.9,-2.8
jonathan lokru,Stars,C/PF,0,0.1,0.0,10.0,-2.3,,0.0,0.7,0.6,0.0,0.1,-0.6
granddi ayé,Thunder,PG,0,,,,,,,,,,,
flynn barker,Wolves,PG/SG,0,0.1,0.0,17.4,0.2,,0.0,3.0,0.5,1.0,0.0,-3.4
luis oliveira,Calaveras,PG,0,2.3,0.4,17.5,-0.9,,0.0,8.7,1.6,4.5,-0.2,-1.9
zaye crooks,Dragons,C,0,,,,,,,,,,,
jermaine kersten,Free Agent,SG/PG,0,0.2,0.0,12.2,0.2,,0.0,3.7,1.2,3.3,0.1,-3.6
trevon baptiste,Lumberjacks,C,0,,,,,,,,,,,
jameel bucklin,Lumberjacks,SG,0,0.0,0.0,9.9,0.6,,,0.9,0.1,0.0,0.0,1.7
rubin wingfield ii,Saints,SF/PF,0,,,,,,,,,,,
dong jiarun,Thunder,SG,0,,,,,,,,,,,
donte billings,Cyclones,PF/C,0,,,,,,,,,,,
jalyn vieira,Devils,PF/C,0,,,,,,,,,,,
lenzelle ndefo,Dragons,SF,0,0.7,-0.4,13.6,-3.0,,0.0,8.2,2.6,1.4,0.3,-0.9
dominykas gečas,Kings,C,0,5.1,1.5,17.5,2.4,,0.0,8.0,7.7,0.9,2.7,0.5
nikola kravic,Knights,SG,0,0.2,0.0,14.6,0.3,,0.0,1.4,0.3,0.8,0.1,-2.9
sergi lorenzo,Predators,C/PF,0,,,,,,,,,,,
rashamel adrian,Stonecutters,C,0,,,,,,,,,,,
cristian valentín,Vultures,SG,0,,,,,,,,,,,
hendrik scioscia,Wolves,C,0,5.4,1.2,15.7,0.2,,0.0,9.6,7.5,1.0,1.6,1.7
kamall doellman,Blizzards,C,0,,,,,,,,,,,
javion jupiter,Bullets,C/PF,0,,,,,,,,,,,
jose aguirre,Colonels,PG,0,1.3,0.4,17.5,-0.6,,0.0,8.1,1.5,2.9,0.4,-1.1
lamond mumford,Dragons,PF/C,0,,,,,,,,,,,
raul cardona,Free Agent,PF,0,3.5,2.0,14.2,3.7,,0.0,6.9,4.2,0.9,2.6,1.4
jahmir kurth,Free Agent,SG,0,1.8,0.4,14.3,-0.6,,0.0,8.6,3.5,2.4,0.7,0.1
rodrigo rocha,Hurricanes,PF/SF,0,,,,,,,,,,,
kalil valenti,Huskies,PG,0,,,,,,,,,,,
damian vogel,Saints,PG,0,3.6,-0.5,15.2,-2.9,,0.0,10.9,3.1,7.5,-0.1,-2.3
vj okotie,Thunder,SG/PG,0,0.1,0.0,11.0,-2.3,,0.0,0.5,0.2,0.6,0.1,-3.7
quentin reid,Thunder,SG/SF,0,0.5,0.0,13.3,-2.1,,0.0,2.7,1.3,0.7,0.2,-1.5
sam forbes,Vultures,PG,0,,,,,,,,,,,
brett wright,Vultures,PG,0,2.3,0.0,14.8,-2.1,,0.0,7.6,0.9,3.6,0.4,-3.4
jonas baumann,Wolves,SF,0,2.1,0.9,18.5,0.7,,0.0,9.7,2.5,3.0,0.4,0.4
zac dench,Wolves,PG,0,,,,,,,,,,,
colby thomas,Dragons,C,0,1.1,-0.4,13.0,-4.1,,0.0,4.2,4.2,0.5,0.5,-0.3
timo hoffman,Free Agent,C,0,0.0,0.0,13.9,2.8,,,2.0,1.0,0.0,0.0,9.2
jaren moore,Free Agent,SF,0,0.0,-0.1,18.0,-4.8,,,4.5,0.7,0.2,0.1,-2.3
denzel young,Free Agent,C,0,3.5,0.9,14.1,0.6,,0.0,5.4,6.1,0.7,2.2,0.5
dwight shope,Saints,C,0,2.2,-1.4,11.1,-4.8,,0.0,6.0,8.3,0.8,1.2,0.5
josh baker,Tritons,PG,0,0.2,0.0,20.3,2.2,,0.0,0.7,0.1,0.4,0.0,-3.6
oumar john,Vultures,C/PF,0,,,,,,,,,,,
xavier pierce,Warriors,C,0,5.0,1.7,17.9,3.3,,0.0,6.3,5.6,1.4,1.6,1.8
angus nowak,Wolves,C,0,0.1,0.0,19.0,5.8,,0.0,2.0,2.3,0.7,0.0,4.2
decensae nyeko,Barons,PF/SF,0,,,,,,,,,,,
jimmy cougar iii,Free Agent,SF/PF,0,1.2,1.3,12.8,-0.1,,0.0,7.8,3.8,1.4,1.7,1.1
ryvon melendez,Free Agent,PF,0,0.1,0.0,23.4,1.7,,0.0,2.5,1.5,0.1,0.1,0.8
saulius bazys,Jaguars,C/PF,0,,,,,,,,,,,
sam hibbler,Knights,PG,0,,,,,,,,,,,
klay scantlebury,Knights,PG,0,2.2,-0.1,11.6,-2.2,,0.0,5.2,1.4,2.9,0.7,-2.8
fábio dionisio,Wolves,SG/SF,0,0.0,0.0,0.0,-6.1,,,0.0,0.0,0.0,0.0,-5.8
jermaine bird,Free Agent,SF,0,-0.2,-0.1,0.8,-10.8,,-0.0,2.8,0.8,1.0,0.0,-2.3
jamal carter,Giants,PF,0,1.7,0.4,14.3,1.1,,0.0,5.8,4.7,0.5,1.0,1.4
kennedy maxwell,Knights,SF/SG,0,1.5,0.6,15.6,1.7,,0.0,5.4,1.8,1.0,0.6,0.1
lashun eddington,Stonecutters,PF,0,,,,,,,,,,,
dalique flint,Drones,SF,0,,,,,,,,,,,
isaiah kemp,Free Agent,PF,0,0.5,-0.5,12.7,-8.3,,0.0,3.3,3.9,0.1,0.4,-2.7
andy nasalo,Free Agent,PF,0,0.4,0.0,8.0,-2.2,,0.0,3.2,6.7,1.4,0.6,1.1
damiyne schlager,Free Agent,PF,0,0.1,0.1,10.1,2.8,,0.0,4.0,4.0,0.5,0.0,0.4
cesar zuffa,Free Agent,SG,0,0.1,0.0,18.5,0.1,,0.0,2.3,0.2,0.3,0.0,-3.8
martins tharp,Knights,C,0,,,,,,,,,,,
diego quintillà,Warriors,SG,0,,,,,,,,,,,
alexandre vincent,Warriors,PG,0,,,,,,,,,,,
daniel augustus,Blizzards,SG,0,0.7,0.3,15.9,-2.3,,0.0,7.3,0.9,0.6,0.1,-1.3
antoine thuram,Stonecutters,PF/SF,0,,,,,,,,,,,
stavros kouris,Free Agent,C,0,-0.1,-0.2,6.9,-10.9,,-0.0,1.3,0.9,0.1,0.1,-2.9
elian berberi,Warriors,C/PF,0,,,,,,,,,,,
aaron howard,Free Agent,PF,0,-0.1,-0.1,-2.1,-21.4,,-0.0,0.5,1.0,0.0,0.0,-7.6
